, 55
Ting Zhu, 3
Zicheng Chi, 3
Qian Zhang, 3
Xin Liu, 3
Sunghoon Ivan Lee, 2
Zhuolin Yang, 2
Dingyi Fang, 2
Run Zhao, 2
Mani Srivastava, 2
Jeremy Gummeson, 2
Kaifei Chen, 2
Luyang Liu, 2
David Culler, 2
Wenyao Xu, 2
Youngki Lee, 2
Ning Cai, 2
Zhengxiong Li, 2
Dong Wang, 2
Marco Zimmerling, 2
Shuo-Yen Robert Li, 2
Richard Howard, 2
Marco Gruteser, 2
Raymond W. Yeung, 2
Wei Wang, 2
Hyung-Sin Kim, 2
Jie Xiong, 2
Akshay Nambi, 2
Xiaojiang Chen, 2
Zhanyong Tang, 2
Yan Li, 2
Rudolf Ahlswede, 2
Yao Yao, 2
Kevin Chan, 1
Shyamnath Gollakota, 1
Wuyang Zhang, 1
Xiaochen Liu, 1
Richard P. Martin, 1
Jonathan Appavoo, 1
Xiang-Yang Li, 1
Lianghzen Lai, 1
Siddharth Rupavatharam, 1
Kevin Ma, 1
Morgan Baima, 1
Vengateswaran Subramaniam, 1
Shuo Zhang, 1
Tam Vu, 1
Tommaso Melodia, 1
Kai Geissdoerfer, 1
Dimitris Patoukas, 1
Francesco Restuccia, 1
Sam Kumar, 1
Chi-Sheng Shih, 1
Jiahui Hou, 1
Chen Song, 1
Zerina Kapetanovic, 1
Randy Katz, 1
Huajie Shao, 1
Yunxin Liu, 1
Hongzi Zhu, 1
Kaushik Chowdhury, 1
Baicheng Chen, 1
Taeho Jung, 1
Michael Rath, 1
Fabian Mager, 1
Xianjin Xia, 1
Lu Su, 1
Tusher Chakraborty, 1
PrzemysBaw PaweBczak, 1
Desheng Zhang, 1
Insik Shin, 1
Hoang Truong, 1
Zhichuan Huang, 1
Tian He, 1
Sung-Ju Lee, 1
Alessandro Montanari, 1
Niels Reijers, 1
Zhimeng Yin, 1
Zhiqing Luo, 1
Carlo Alberto Boano, 1
Hyosu Kim, 1
Xinmeng Lyu, 1
Yuanqing Zheng, 1
Binbin Xie, 1
Mustafa Bakr, 1
Yunhuai Liu, 1
B.S. Manjunath, 1
Ufuk Muncuk, 1
Jianhua Zou, 1
Liyao Li, 1
Zoran Radivojevic, 1
Rui Wang, 1
Changzhi Li, 1
Rene Mayrhofer, 1
Qun Song, 1
Lili Qiu, 1
Jinwoo Shin, 1
Ramesh Govindan, 1
Yang Li, 1
Kittipat Apicharttrisorn, 1
Wan Du, 1
Ioannis Pefkianakis, 1
Srikanth V. Krishnamurthy, 1
Yiran Zhao, 1
Koen Schaper, 1
Anish Byanjankar, 1
Zhihan Fang, 1
Josef Kulmer, 1
Taesik Gong, 1
Chulhong Min, 1
Nam Bui, 1
Yanchao Zhang, 1
Naveen Suda, 1
Neev Kiran, 1
Tao Gu, 1
Thang Dinh, 1
Zhihao Shen, 1
Raffaele Guida, 1
Chenhan Xu, 1
Mohammed Alloulah, 1
Akhil Mathur, 1
Haohua Du, 1
Chang Tan, 1
Howard Huang, 1
Hairong Wang, 1
Viet Nguyen, 1
Zifan Liu, 1
Zhou Qin, 1
Manohar Swaminathan, 1
Kas1m Sinan Y1ld1r1m, 1
Eugene Chai, 1
Emrecan Demirors, 1
Jeya Vikranth Jeyakumar, 1
Rajalakshmi Nandakumar, 1
Kyu-Han Kim, 1
Wenchao Jiang, 1
Yanyong Zhang, 1
Zhenhua Jia, 1
Amit Sharma, 1
Huey-Ru Tsai, 1
Zhenyu Yan, 1
Bernhard Groswindhager, 1
Wei Chang, 1
Marco Zuniga, 1
Daniel A. Winkler, 1
Shuai Wang, 1
Yeonsu Kim, 1
Huatao Xu, 1
Shengzhong Liu, 1
Kang Yang, 1
Yoon Chae, 1
Carsten Herrmann, 1
Ranveer Chandra, 1
Ruofeng Liu, 1
Josiah David Hester, 1
Zheng Wang, 1
William J. Zhao, 1
Archan Misra, 1
Klaus Witrisal, 1
Amit K. Roy-Chowdhury, 1
Mikolaj Chwalisz, 1
Venkat Padmanabhan, 1
Yinggang Yu, 1
Luca Mottola, 1
Linlin Chen, 1
Shahriar Nirjon, 1
Xukan Ran, 1
Hongyu Li, 1
Sinh Huynh, 1
Trisha Andrew, 1
Yuanchao Shu, 1
Pradipta Ghosh, 1
Jun Qu, 1
Anurag Ghosh, 1
Adriano Branco, 1
Rens Bloom, 1
Dongxin Liu, 1
Oytun Ulutan, 1
Neil Dave, 1
Shan Chang, 1
Tao Jiang, 1
Seulki Lee, 1
Chaitra Pai, 1
Tong Li, 1
JeongGil Ko, 1
Vijay Lingam, 1
Phuc Nguyen, 1
Tarek Abdelzaher, 1
Tiantian Xie, 1
Salma Elmalaki, 1
Huining Li, 1
Lili Chen, 1
Anh Nguyen, 1
Vikram Iyer, 1
Ali Kiaghadi, 1
Rishi Shukla, 1
Rui Tan, 1
Jianwei Qian, 1
Shuochao Yao, 1
Rajesh Balan, 1
Dianhe Han, 1
Xi Zhao, 1
Fahim Kawsar, 1
Song Min Kim, 1
Kun Wang, 1
Junaid Haroon Siddiqui, 1
Kai Chen, 1
Alberto E. Cerpa, 1
Kay Romer, 1
Rahul Sharma, 1
Junchi Chen, 1
Deepak Ganesan, 1
Ishit Mehta, 1
Xingyu Chen, 1
Zhengyu Peng, 1
Qin Lv, 1
Michael P Andersen, 1
Muhammad Hamad Alizai, 1
Jiasi Chen, 1
Amjad Yousef Majid, 1
Chenren Xu, 0
Xiaonan Guo, 0
Chungkuk Yoo, 0
Jacob Sorber, 0
xinyu xing, 0
Dinesh Bharadia, 0
Lothar Thiele, 0
Richard Han, 0
Zhuoling Xiao, 0
Hang Qiu, 0
Sujay Narayana, 0
Wenjun Jiang, 0
Zhijun Li, 0
Ardalan Amiri Sani, 0
Seungwoo Kang, 0
Shivakant Mishra, 0
Houping Xiao, 0
Sukhoon Lee, 0
Jeongyeup Paek, 0
Yu Xiao, 0
Anthony Rowe, 0
Bhargav Golla, 0
Hari Balakrishnan, 0
Han Ding, 0
Syed Monowar Hossain, 0
Jie Liu, 0
Mo Li, 0
Yanzi Zhu, 0
Yaliang Li, 0
Wen Hu, 0
Jan Beutel, 0
Ruipeng Gao, 0
Fan Bai, 0
Perry Schein, 0
Sachin Katti, 0
Suining He, 0
Michael Spoerk, 0
Kiran Joshi, 0
Aadhar Jain, 0
Nikolaus Correll, 0
Michele Nogueira, 0
Parth H. Pathak, 0
Shuo Deng, 0
Minyoung Go, 0
Jaeyeon Park, 0
Gene Tsudik, 0
Soteris Demetriou, 0
Felix Sutton, 0
Kris Pister, 0
Aveek K. Das, 0
Hossein Shafagh, 0
Chen-Nee Chuah, 0
Tonio Gsell, 0
Koen Langendoen, 0
Jiadi Yu, 0
Cong Shi, 0
Bo-Jhang Ho, 0
Tanzeem Choudhury, 0
Michael Konig, 0
Yurong Jiang, 0
Lei Yang, 0
Manuel Eichelberger, 0
Antonio A. F. Loureiro, 0
Chenyang Lu, 0
Ann C. Halbower, 0
Jing Gao, 0
Le Guan, 0
Qiang Zhang, 0
Kevin Storer, 0
Yibo Zhu, 0
Oliver Harms, 0
Andrew Markham, 0
Younghyun Ju, 0
Olaf Landsiedel, 0
Joshua Adkins, 0
Myung-Sup Lee, 0
Lin Yang, 0
Timothy Hnat, 0
Xinwen Fu, 0
Niki Trigoni, 0
Aosen Wang, 0
Jie Yang, 0
Lukas Burkhalter, 0
Roger Wattenhofer, 0
Stefano Carpin, 0
Philip Levis, 0
Sungwoo Baek, 0
Marco Cattani, 0
Suxin Guo, 0
Zohreh Raghebi, 0
Andreas Loukas, 0
Pei Zhang, 0
Jinsong Han, 0
Muyuan Li, 0
Leonardo Cotta, 0
Pascal Fischli, 0
Ye-Sheng Kuo, 0
Mats Carlsson, 0
Riad Wahby, 0
Hongyu Sun, 0
Niranjini Rajagopal, 0
Allan Stisen, 0
Frederik Hermans, 0
Joseph Skinner, 0
Aleksandra Sarcevic, 0
Chuishi Meng, 0
Min Wu, 0
Jaewon Choi, 0
Xia Zhou, 0
Reto Da Forno, 0
Yingying Chen, 0
Seokjun Lee, 0
Marius Noreikis, 0
Georgia Giannopoulou, 0
Antti Yla-Jaaski, 0
Timofei Istomin, 0
Vijay Rao, 0
David Erickson, 0
Huanle Zhang, 0
Jingxian Wang, 0
Tauhidur Rahman, 0
Kevin Freeman, 0
Jiaming Zhao, 0
Roman Lim, 0
Josiah Jee, 0
Mario S. Alvim, 0
Italo Cunha, 0
S.-H. Gary Chan, 0
Carlos Perez Penichet, 0
Xinlei Chen, 0
Abusayeed Saifullah, 0
Jizhong Zhao, 0
Dali Ismail, 0
Song Liu, 0
Peng Liu, 0
Sugang Li, 0
Shane Leonard, 0
Ana Nika, 0
Ivan Oliveira Nunes, 0
Longfei Shangguan, 0
Jillian Co, 0
Yun Cheng, 0
Hua Huang, 0
David Kotz, 0
Chunming Qiao, 0
Benjamin Kempke, 0
Anind Dey, 0
Bing Zhou, 0
Hojung Cha, 0
Amelie Bonde, 0
Henrik Blunck, 0
Ashwin Ashok, 0
Bruno Sinopoli, 0
Junehwa Song, 0
Beshr Al Nahas, 0
Saeed Mirzamohammadi, 0
Mahbubur Rahman, 0
Lin Lin, 0
Ben Lampert, 0
Mi Zhang, 0
Andreas Droescher, 0
Woojin Nam, 0
Prasant Mohapatra, 0
Artur Luis Fernandes, 0
Robin Deterding, 0
Sarah Lord, 0
Chi Zhou, 0
Mikkel Baun Kjaegaard, 0
Fan Ye, 0
Travis Peters, 0
Zheng Yang, 0
Chenglin Miao, 0
Zhan Qin, 0
Si Chen, 0
Lenin Ravindranath, 0
Justin A. Chen, 0
R Venkatesha Prasad, 0
Ronald Peterson, 0
Wei Xi, 0
Gian Pietro Picco, 0
Tianlong Yun, 0
Santosh Kumar, 0
Ben Y. Zhao, 0
Guojie Luo, 0
Tao Ye, 0
Thomas Watteyne, 0
Mooi Choo Chuah, 0
Steven Hearndon, 0
Mingmin Zhao, 0
Leonardo B. Oliveira, 0
Yunhao Liu, 0
Ambuj Varshney, 0
Kevin Luchsinger, 0
Hongbo Liu, 0
Jansen Christian Liando, 0
Sangwon Choi, 0
Tianyang Hu, 0
Randall S. Burd, 0
Sangtae Ha, 0
Shan Lin, 0
Youngbin Im, 0
Seungpyo Choi, 0
Savvas Papaioannou, 0
Anwar Hithnawi, 0
Matthew McCartney, 0
Sourav Bhattacharya, 0
Harsh Kupwade Patil, 0
Hu Ding, 0
Heitor Ramos, 0
Christian Rohner, 0
Hongkai Wen, 0
Josiah Hester, 0
Tianjiao Wang, 0
Ivan marsic, 0
Panlong Yang, 0
Branden Ghena, 0
Wenke Lee, 0
Xiaolong Zheng, 0
Patrick Lazik, 0
Oliver Shih, 0
Pat Pannuto, 0
Thiemo Voigt, 0
Tianxing Li, 0
Nicolas Gentille, 0
Sharad Mehrotra, 0
Biyi Fang, 0
Bo Liu, 0
Joseph Noor, 0
Xinyu Li, 0
Lanny Sitanayah, 0
Carlos Ruiz Dominguez, 0
Nicholas D. Lane, 0
Haitao Zheng, 0
Saewoong Bahk, 0
Puneet Jain, 0
Mads Moller Jensen, 0
Usman Raza, 0
Aston Zhang, 0
Ryan Halter, 0
Federico Ferrari, 0
Gaurav Sukhatme, 0
Simon Tanner, 0
Landon Cox, 0
Yizhou Wang, 0
Fernando M. Q. Pereira, 0
Tobias Sonne, 0
Raghda Alqurashi, 0
Simon Duquennoy, 0
Zimu Zhou, 0
Diego F. Aranha, 0
Chris Verhoeven, 0
Zheng Lu, 0
Jun Huang, 0
Amy L. Murphy, 0
Zhonghong Ou, 0
Pillsoon Park, 0
Bernhard Buchli, 0
Bradford Campbell, 0
Samuel DeBruin, 0
Zhijing Li, 0
Prabal Dutta, 0
Dukyong Yoon, 0
Kui Ren, 0
Pengyu Zhang, 0
Alexander T Adams, 0
Paramvir Bahl, 0
Qiang Liu, 0
Mohammed Elbadry, 0
Thor Siiger Prentow, 0
Antonio Lemos Maia Neto, 0
Heqing Huang, 0
Animesh Srivastava, 0
Jincao Zhu, 0
Jiang Dong, 0
Donald Grimm, 0
Hosoo Cho, 0
Farnoush Banaei-kashani, 0
Yanyi Zhang, 0
Taeyoung Kim, 0
Tyson Condie, 0
Bo Xie, 0
Aveek Purohit, 0
Nusrat Jahan Nasrin, 0
Nazir Saleheen, 0
Jun Xu, 0
Tiffany Yu-Han Chen, 0
Guang Tan, 0
Inseok Hwang, 0
