, 30
Youngki Lee, 2
Dingyi Fang, 2
Qian Zhang, 2
Jie Xiong, 2
Sunghoon Ivan Lee, 2
Zhanyong Tang, 2
Run Zhao, 2
Xiaojiang Chen, 2
Dong Wang, 2
Marco Gruteser, 1
Rajesh Balan, 1
Tommaso Melodia, 1
Zifan Liu, 1
Junchi Chen, 1
Huatao Xu, 1
Ishit Mehta, 1
Yanchao Zhang, 1
Rishi Shukla, 1
Sung-Ju Lee, 1
Srikanth V. Krishnamurthy, 1
Marco Zimmerling, 1
Neil Dave, 1
Ruofeng Liu, 1
Binbin Xie, 1
Ning Cai, 1
Zoran Radivojevic, 1
Rene Mayrhofer, 1
Jeremy Gummeson, 1
Yinggang Yu, 1
Zhuolin Yang, 1
Lili Qiu, 1
Naveen Suda, 1
Yan Li, 1
Akshay Nambi, 1
Taesik Gong, 1
Kai Geissdoerfer, 1
Adriano Branco, 1
Hongzi Zhu, 1
Rens Bloom, 1
Junaid Haroon Siddiqui, 1
Viet Nguyen, 1
Xi Zhao, 1
Wenchao Jiang, 1
Ramesh Govindan, 1
Neev Kiran, 1
Amit Sharma, 1
Huining Li, 1
Kai Chen, 1
Zhihao Shen, 1
Vengateswaran Subramaniam, 1
Liyao Li, 1
Alberto E. Cerpa, 1
Muhammad Hamad Alizai, 1
Chenhan Xu, 1
Lili Chen, 1
Mikolaj Chwalisz, 1
Kang Yang, 1
Chulhong Min, 1
Amit K. Roy-Chowdhury, 1
Xukan Ran, 1
Wan Du, 1
Zhimeng Yin, 1
Richard Howard, 1
Wenyao Xu, 1
Anurag Ghosh, 1
Oytun Ulutan, 1
Kevin Chan, 1
Francesco Restuccia, 1
Shan Chang, 1
Jinwoo Shin, 1
Xiaochen Liu, 1
Jeya Vikranth Jeyakumar, 1
Siddharth Rupavatharam, 1
Tian He, 1
Akhil Mathur, 1
Chaitra Pai, 1
JeongGil Ko, 1
Vijay Lingam, 1
Yuanqing Zheng, 1
Marco Zuniga, 1
Yeonsu Kim, 1
Dianhe Han, 1
Jiasi Chen, 1
Raymond W. Yeung, 1
Jianhua Zou, 1
Seulki Lee, 1
Rudolf Ahlswede, 1
Lianghzen Lai, 1
Zhengxiong Li, 1
Alessandro Montanari, 1
Mani Srivastava, 1
Luca Mottola, 1
Ting Zhu, 1
Raffaele Guida, 1
Rui Wang, 1
Howard Huang, 1
Qun Song, 1
Xianjin Xia, 1
Zhenyu Yan, 1
Fahim Kawsar, 1
Zheng Wang, 1
Luyang Liu, 1
Archan Misra, 1
Pradipta Ghosh, 1
Daniel A. Winkler, 1
Mohammed Alloulah, 1
Xin Liu, 1
Yao Yao, 1
Emrecan Demirors, 1
Rui Tan, 1
Tao Gu, 1
Shuo-Yen Robert Li, 1
Kun Wang, 1
Kittipat Apicharttrisorn, 1
Sinh Huynh, 1
Xingyu Chen, 1
B.S. Manjunath, 1
Baicheng Chen, 1
Eugene Chai, 1
Shahriar Nirjon, 1
Venkat Padmanabhan, 1
Zicheng Chi, 1
Chi-Sheng Shih, 0
Zheng Yang, 0
Niranjini Rajagopal, 0
Pat Pannuto, 0
Xinlei Chen, 0
Aston Zhang, 0
Syed Monowar Hossain, 0
Biyi Fang, 0
Anwar Hithnawi, 0
Hoang Truong, 0
Hossein Shafagh, 0
Hairong Wang, 0
Xinwen Fu, 0
Frederik Hermans, 0
Ivan marsic, 0
Insik Shin, 0
Junehwa Song, 0
Harsh Kupwade Patil, 0
Xinmeng Lyu, 0
Longfei Shangguan, 0
Allan Stisen, 0
Lukas Burkhalter, 0
Chris Verhoeven, 0
Youngbin Im, 0
Shuo Zhang, 0
Patrick Lazik, 0
Felix Sutton, 0
Carlos Perez Penichet, 0
Michael Spoerk, 0
Heqing Huang, 0
Antonio A. F. Loureiro, 0
Lin Lin, 0
Jan Beutel, 0
Bhargav Golla, 0
Sharad Mehrotra, 0
Jun Qu, 0
Wei Xi, 0
Kaifei Chen, 0
Yizhou Wang, 0
Mi Zhang, 0
Jaewon Choi, 0
Joseph Noor, 0
Xiaolong Zheng, 0
Hongyu Li, 0
Parth H. Pathak, 0
Shuochao Yao, 0
Michele Nogueira, 0
Sarah Lord, 0
Shane Leonard, 0
Gian Pietro Picco, 0
Olaf Landsiedel, 0
Yoon Chae, 0
Tarek Abdelzaher, 0
Thomas Watteyne, 0
Puneet Jain, 0
Cong Shi, 0
Reto Da Forno, 0
Seungpyo Choi, 0
Trisha Andrew, 0
Mohammed Elbadry, 0
Tianxing Li, 0
Yunxin Liu, 0
Alexander T Adams, 0
Nazir Saleheen, 0
Ronald Peterson, 0
Bing Zhou, 0
Jillian Co, 0
Kaushik Chowdhury, 0
Wen Hu, 0
Philip Levis, 0
Chang Tan, 0
Tusher Chakraborty, 0
Prasant Mohapatra, 0
Richard Han, 0
Kas1m Sinan Y1ld1r1m, 0
Dimitris Patoukas, 0
Justin A. Chen, 0
Mooi Choo Chuah, 0
Joseph Skinner, 0
Peng Liu, 0
Huajie Shao, 0
Randall S. Burd, 0
Dukyong Yoon, 0
Chenyang Lu, 0
William J. Zhao, 0
Branden Ghena, 0
Yibo Zhu, 0
Tobias Sonne, 0
Gene Tsudik, 0
Ashwin Ashok, 0
Kui Ren, 0
Oliver Harms, 0
Leonardo Cotta, 0
Ambuj Varshney, 0
Ranveer Chandra, 0
Yanyong Zhang, 0
Tianjiao Wang, 0
Wei Wang, 0
Tianyang Hu, 0
Suining He, 0
Lei Yang, 0
Yuanchao Shu, 0
Anh Nguyen, 0
Jacob Sorber, 0
Jonathan Appavoo, 0
Houping Xiao, 0
Sam Kumar, 0
Younghyun Ju, 0
Hu Ding, 0
Tonio Gsell, 0
Si Chen, 0
Desheng Zhang, 0
Tiffany Yu-Han Chen, 0
Leonardo B. Oliveira, 0
Zhijing Li, 0
Yiran Zhao, 0
Sujay Narayana, 0
Soteris Demetriou, 0
Jizhong Zhao, 0
Ardalan Amiri Sani, 0
Dali Ismail, 0
Amelie Bonde, 0
Myung-Sup Lee, 0
David Kotz, 0
Jiadi Yu, 0
Vijay Rao, 0
Han Ding, 0
Kyu-Han Kim, 0
Zhuoling Xiao, 0
Yu Xiao, 0
Henrik Blunck, 0
Roman Lim, 0
Michael Rath, 0
Ye-Sheng Kuo, 0
Sungwoo Baek, 0
David Culler, 0
Qiang Liu, 0
Kevin Storer, 0
Sangwon Choi, 0
Zhou Qin, 0
Mats Carlsson, 0
Savvas Papaioannou, 0
Jincao Zhu, 0
Animesh Srivastava, 0
Song Min Kim, 0
Haitao Zheng, 0
Josiah David Hester, 0
Jie Liu, 0
Wei Chang, 0
Matthew McCartney, 0
Pengyu Zhang, 0
Tauhidur Rahman, 0
Kris Pister, 0
Wenke Lee, 0
Bruno Sinopoli, 0
Randy Katz, 0
Zhichuan Huang, 0
Oliver Shih, 0
Usman Raza, 0
Antti Yla-Jaaski, 0
Farnoush Banaei-kashani, 0
Guang Tan, 0
Josiah Jee, 0
Qin Lv, 0
Jingxian Wang, 0
Jansen Christian Liando, 0
Chen-Nee Chuah, 0
Manohar Swaminathan, 0
Saeed Mirzamohammadi, 0
Artur Luis Fernandes, 0
Amjad Yousef Majid, 0
Chen Song, 0
Anish Byanjankar, 0
Tao Ye, 0
Wuyang Zhang, 0
Carsten Herrmann, 0
Hyosu Kim, 0
Jun Xu, 0
Seokjun Lee, 0
Hua Huang, 0
Sachin Katti, 0
Stefano Carpin, 0
Roger Wattenhofer, 0
Yunhao Liu, 0
Xia Zhou, 0
Mo Li, 0
Hosoo Cho, 0
Ivan Oliveira Nunes, 0
Chuishi Meng, 0
Lenin Ravindranath, 0
Mads Moller Jensen, 0
Mikkel Baun Kjaegaard, 0
Yingying Chen, 0
Tao Jiang, 0
Zhan Qin, 0
Bradford Campbell, 0
Suxin Guo, 0
Jiaming Zhao, 0
Timofei Istomin, 0
Taeyoung Kim, 0
Ben Lampert, 0
Chenglin Miao, 0
Samuel DeBruin, 0
Steven Hearndon, 0
Muyuan Li, 0
Dinesh Bharadia, 0
Zimu Zhou, 0
Zohreh Raghebi, 0
Mustafa Bakr, 0
Bernhard Groswindhager, 0
Federico Ferrari, 0
Rahul Sharma, 0
Perry Schein, 0
Salma Elmalaki, 0
Michael Konig, 0
Aadhar Jain, 0
Yang Li, 0
Pei Zhang, 0
Kevin Ma, 0
Sourav Bhattacharya, 0
Zerina Kapetanovic, 0
Carlo Alberto Boano, 0
Fabian Mager, 0
Hari Balakrishnan, 0
Ufuk Muncuk, 0
Zhihan Fang, 0
Panlong Yang, 0
Sangtae Ha, 0
Travis Peters, 0
Aleksandra Sarcevic, 0
Bo-Jhang Ho, 0
Lanny Sitanayah, 0
Carlos Ruiz Dominguez, 0
Pillsoon Park, 0
Saewoong Bahk, 0
Yurong Jiang, 0
Yaliang Li, 0
Xinyu Li, 0
Aveek Purohit, 0
Andrew Markham, 0
Landon Cox, 0
Tanzeem Choudhury, 0
Chenren Xu, 0
Hongyu Sun, 0
Jun Huang, 0
PrzemysBaw PaweBczak, 0
Marco Cattani, 0
Ben Y. Zhao, 0
Koen Schaper, 0
Hojung Cha, 0
Vikram Iyer, 0
Gaurav Sukhatme, 0
Tam Vu, 0
Mahbubur Rahman, 0
Changzhi Li, 0
Woojin Nam, 0
Thang Dinh, 0
Zhenhua Jia, 0
Richard P. Martin, 0
Nicholas D. Lane, 0
Ali Kiaghadi, 0
Linlin Chen, 0
Simon Tanner, 0
xinyu xing, 0
Yunhuai Liu, 0
Niki Trigoni, 0
Fan Ye, 0
Sukhoon Lee, 0
Ann C. Halbower, 0
Nicolas Gentille, 0
Ryan Halter, 0
Joshua Adkins, 0
Phuc Nguyen, 0
Ioannis Pefkianakis, 0
Jinsong Han, 0
Tyson Condie, 0
Morgan Baima, 0
Jiahui Hou, 0
Jiang Dong, 0
Dongxin Liu, 0
Shivakant Mishra, 0
Song Liu, 0
Thor Siiger Prentow, 0
Kiran Joshi, 0
Shuai Wang, 0
Kevin Freeman, 0
Deepak Ganesan, 0
Lu Su, 0
Shyamnath Gollakota, 0
Mario S. Alvim, 0
Qiang Zhang, 0
Santosh Kumar, 0
Minyoung Go, 0
Shan Lin, 0
Chi Zhou, 0
Pascal Fischli, 0
Andreas Loukas, 0
Seungwoo Kang, 0
Josiah Hester, 0
Raghda Alqurashi, 0
Manuel Eichelberger, 0
Ruipeng Gao, 0
Timothy Hnat, 0
Le Guan, 0
Abusayeed Saifullah, 0
Fernando M. Q. Pereira, 0
Antonio Lemos Maia Neto, 0
Andreas Droescher, 0
Min Wu, 0
Jie Yang, 0
Xiang-Yang Li, 0
Riad Wahby, 0
Shengzhong Liu, 0
Anind Dey, 0
Huey-Ru Tsai, 0
Hang Qiu, 0
Tianlong Yun, 0
Taeho Jung, 0
Thiemo Voigt, 0
Tiantian Xie, 0
Heitor Ramos, 0
Amy L. Murphy, 0
Nam Bui, 0
Guojie Luo, 0
Inseok Hwang, 0
Zhijun Li, 0
Prabal Dutta, 0
Mingmin Zhao, 0
Paramvir Bahl, 0
Bo Liu, 0
Georgia Giannopoulou, 0
David Erickson, 0
Niels Reijers, 0
Michael P Andersen, 0
Simon Duquennoy, 0
Beshr Al Nahas, 0
Nusrat Jahan Nasrin, 0
Hongbo Liu, 0
Chunming Qiao, 0
Hongkai Wen, 0
Lothar Thiele, 0
Sugang Li, 0
Yun Cheng, 0
Josef Kulmer, 0
Lin Yang, 0
Diego F. Aranha, 0
Zhengyu Peng, 0
Jaeyeon Park, 0
S.-H. Gary Chan, 0
Hyung-Sin Kim, 0
Haohua Du, 0
Rajalakshmi Nandakumar, 0
R Venkatesha Prasad, 0
Nikolaus Correll, 0
Wenjun Jiang, 0
Fan Bai, 0
Benjamin Kempke, 0
Jeongyeup Paek, 0
Bo Xie, 0
Aveek K. Das, 0
Jianwei Qian, 0
Zhiqing Luo, 0
Koen Langendoen, 0
Chungkuk Yoo, 0
Anthony Rowe, 0
Aosen Wang, 0
Klaus Witrisal, 0
Shuo Deng, 0
Zhonghong Ou, 0
Zheng Lu, 0
Christian Rohner, 0
Huanle Zhang, 0
Tong Li, 0
Donald Grimm, 0
Robin Deterding, 0
Marius Noreikis, 0
Kevin Luchsinger, 0
Yanzi Zhu, 0
Kay Romer, 0
Ana Nika, 0
Xiaonan Guo, 0
Italo Cunha, 0
Yanyi Zhang, 0
Bernhard Buchli, 0
Jing Gao, 0
